lookback,hidden_size,num_layers,dropout,bidirectional,use_gru,fc_num_layers,fc_hidden_dims,fc_activation,fc_dropout,use_batch_norm,batch_size,lr,weight_decay,grad_clip,optimizer,lr_patience,best_val_r2,best_train_r2,overfitting_gap,best_epoch,total_epochs,n_parameters,history,config_id,training_time_sec
30,64,4,0.2,True,True,1,64,gelu,0.4,True,128,0.0005,0.0001,1.0,adam,3,0.319076607003808,0.3664217069745064,0.04734509997069836,8,10,265248,"[{'epoch': 1, 'train_loss': 0.6463608758931887, 'train_r2': np.float64(0.2873179763555527), 'val_loss': 0.7909365866069842, 'val_r2': np.float64(0.2538176402449608), 'lr': 0.0005}, {'epoch': 2, 'train_loss': 0.6066421803072687, 'train_r2': np.float64(0.3310333639383316), 'val_loss': 0.7621187137232887, 'val_r2': np.float64(0.28115316294133663), 'lr': 0.0005}, {'epoch': 3, 'train_loss': 0.5904078216085666, 'train_r2': np.float64(0.3488932605832815), 'val_loss': 0.7393225046119305, 'val_r2': np.float64(0.3025926649570465), 'lr': 0.0005}, {'epoch': 4, 'train_loss': 0.5834069920944649, 'train_r2': np.float64(0.35653926245868206), 'val_loss': 0.7364401214502074, 'val_r2': np.float64(0.3053311575204134), 'lr': 0.0005}, {'epoch': 5, 'train_loss': 0.5798634982902781, 'train_r2': np.float64(0.3604585211724043), 'val_loss': 0.729974532142432, 'val_r2': np.float64(0.31150273233652115), 'lr': 0.0005}, {'epoch': 6, 'train_loss': 0.5782004599000367, 'train_r2': np.float64(0.3623958360403776), 'val_loss': 0.7328972643372988, 'val_r2': np.float64(0.30844223499298096), 'lr': 0.0005}, {'epoch': 7, 'train_loss': 0.5759033996530746, 'train_r2': np.float64(0.36481195129454136), 'val_loss': 0.7267637246786945, 'val_r2': np.float64(0.3142864163964987), 'lr': 0.0005}, {'epoch': 8, 'train_loss': 0.5745739736874491, 'train_r2': np.float64(0.3664217069745064), 'val_loss': 0.7222125061759443, 'val_r2': np.float64(0.319076607003808), 'lr': 0.0005}, {'epoch': 9, 'train_loss': 0.573212409027102, 'train_r2': np.float64(0.36778814159333706), 'val_loss': 0.7257169270605752, 'val_r2': np.float64(0.315760113298893), 'lr': 0.0005}, {'epoch': 10, 'train_loss': 0.5721537209427159, 'train_r2': np.float64(0.36896863766014576), 'val_loss': 0.7239255717757976, 'val_r2': np.float64(0.31722532771527767), 'lr': 0.0005}]",2,1481.7276690006256
15,64,1,0.5,True,True,1,64,tanh,0.3,False,32,0.0005,0.0,,adamw,3,0.3165898732841015,0.3795605394989252,0.06297066621482372,10,10,41760,"[{'epoch': 1, 'train_loss': 0.6210404221698036, 'train_r2': np.float64(0.31565866991877556), 'val_loss': 0.7463115002313505, 'val_r2': np.float64(0.28897456638514996), 'lr': 0.0005}, {'epoch': 2, 'train_loss': 0.5880531152314998, 'train_r2': np.float64(0.3518332000821829), 'val_loss': 0.7325322873769479, 'val_r2': np.float64(0.30193477496504784), 'lr': 0.0005}, {'epoch': 3, 'train_loss': 0.580509244775366, 'train_r2': np.float64(0.3601909149438143), 'val_loss': 0.7248551509390758, 'val_r2': np.float64(0.3092161677777767), 'lr': 0.0005}, {'epoch': 4, 'train_loss': 0.5764394680132666, 'train_r2': np.float64(0.36472390964627266), 'val_loss': 0.7237168110386188, 'val_r2': np.float64(0.31032167188823223), 'lr': 0.0005}, {'epoch': 5, 'train_loss': 0.5732365422672144, 'train_r2': np.float64(0.36818857304751873), 'val_loss': 0.7224081786309884, 'val_r2': np.float64(0.3115069940686226), 'lr': 0.0005}, {'epoch': 6, 'train_loss': 0.5707406992088617, 'train_r2': np.float64(0.37095798179507256), 'val_loss': 0.7188025913509388, 'val_r2': np.float64(0.31502755358815193), 'lr': 0.0005}, {'epoch': 7, 'train_loss': 0.5687495114505573, 'train_r2': np.float64(0.37313253432512283), 'val_loss': 0.7197422607244921, 'val_r2': np.float64(0.31413464061915874), 'lr': 0.0005}, {'epoch': 8, 'train_loss': 0.5666107174839669, 'train_r2': np.float64(0.37548297084867954), 'val_loss': 0.7205760267548049, 'val_r2': np.float64(0.31327599845826626), 'lr': 0.0005}, {'epoch': 9, 'train_loss': 0.5647658630806127, 'train_r2': np.float64(0.3775924649089575), 'val_loss': 0.7177365963229824, 'val_r2': np.float64(0.31602692045271397), 'lr': 0.0005}, {'epoch': 10, 'train_loss': 0.5629217320156188, 'train_r2': np.float64(0.3795605394989252), 'val_loss': 0.7171552033348476, 'val_r2': np.float64(0.3165898732841015), 'lr': 0.0005}]",9,754.0847091674805
30,64,2,0.4,False,True,3,256,tanh,0.2,False,128,0.002,0.001,5.0,adamw,3,0.3125250041484833,0.3560428358614445,0.0435178317129612,8,10,134432,"[{'epoch': 1, 'train_loss': 0.6381733718205354, 'train_r2': np.float64(0.2962494157254696), 'val_loss': 0.7555047586710766, 'val_r2': np.float64(0.2873297184705734), 'lr': 0.002}, {'epoch': 2, 'train_loss': 0.6046160860953044, 'train_r2': np.float64(0.333147294819355), 'val_loss': 0.7399528746051017, 'val_r2': np.float64(0.30221658013761044), 'lr': 0.002}, {'epoch': 3, 'train_loss': 0.5977312865620539, 'train_r2': np.float64(0.3408357221633196), 'val_loss': 0.7420280377822693, 'val_r2': np.float64(0.29994359612464905), 'lr': 0.002}, {'epoch': 4, 'train_loss': 0.5926854521913809, 'train_r2': np.float64(0.3462841175496578), 'val_loss': 0.7446561746976592, 'val_r2': np.float64(0.29733231104910374), 'lr': 0.002}, {'epoch': 5, 'train_loss': 0.5898964478325447, 'train_r2': np.float64(0.34936554729938507), 'val_loss': 0.7382497930466526, 'val_r2': np.float64(0.3028331194072962), 'lr': 0.002}, {'epoch': 6, 'train_loss': 0.5889122977223195, 'train_r2': np.float64(0.3504589181393385), 'val_loss': 0.7437107606668665, 'val_r2': np.float64(0.2996554486453533), 'lr': 0.002}, {'epoch': 7, 'train_loss': 0.5864021643404771, 'train_r2': np.float64(0.3532107174396515), 'val_loss': 0.7327549380033908, 'val_r2': np.float64(0.3086760938167572), 'lr': 0.002}, {'epoch': 8, 'train_loss': 0.5838219993169421, 'train_r2': np.float64(0.3560428358614445), 'val_loss': 0.7294015909234682, 'val_r2': np.float64(0.3125250041484833), 'lr': 0.002}, {'epoch': 9, 'train_loss': 0.582977056121704, 'train_r2': np.float64(0.35698845051229), 'val_loss': 0.7387589114633474, 'val_r2': np.float64(0.3028570059686899), 'lr': 0.002}, {'epoch': 10, 'train_loss': 0.5818039836331, 'train_r2': np.float64(0.35827640630304813), 'val_loss': 0.7491029916387616, 'val_r2': np.float64(0.29246244207024574), 'lr': 0.002}]",10,413.57589387893677
30,256,2,0.5,False,False,2,128,tanh,0.2,True,32,0.0005,0.0,1.0,adamw,7,0.3106864467263222,0.35771712847054005,0.04703068174421787,4,9,860576,"[{'epoch': 1, 'train_loss': 0.6394263299237525, 'train_r2': np.float64(0.29477670416235924), 'val_loss': 0.7450745518594338, 'val_r2': np.float64(0.2916170433163643), 'lr': 0.0005}, {'epoch': 2, 'train_loss': 0.5994618893471277, 'train_r2': np.float64(0.33881462551653385), 'val_loss': 0.7419526297811546, 'val_r2': np.float64(0.29446144215762615), 'lr': 0.0005}, {'epoch': 3, 'train_loss': 0.589984963929237, 'train_r2': np.float64(0.34928358905017376), 'val_loss': 0.7315317638530024, 'val_r2': np.float64(0.3043673913925886), 'lr': 0.0005}, {'epoch': 4, 'train_loss': 0.5823520911148332, 'train_r2': np.float64(0.35771712847054005), 'val_loss': 0.7249132693663749, 'val_r2': np.float64(0.3106864467263222), 'lr': 0.0005}, {'epoch': 5, 'train_loss': 0.5768320815344862, 'train_r2': np.float64(0.3637696858495474), 'val_loss': 0.7289551852934336, 'val_r2': np.float64(0.3070335332304239), 'lr': 0.0005}, {'epoch': 6, 'train_loss': 0.5713285227406685, 'train_r2': np.float64(0.3698975145816803), 'val_loss': 0.7310012412766238, 'val_r2': np.float64(0.3051085062325001), 'lr': 0.0005}, {'epoch': 7, 'train_loss': 0.565868541116406, 'train_r2': np.float64(0.375814201310277), 'val_loss': 0.7283181628101376, 'val_r2': np.float64(0.30726501159369946), 'lr': 0.0005}, {'epoch': 8, 'train_loss': 0.559102113053007, 'train_r2': np.float64(0.38342211581766605), 'val_loss': 0.7400674596192794, 'val_r2': np.float64(0.2962178401648998), 'lr': 0.0005}, {'epoch': 9, 'train_loss': 0.5519725755835205, 'train_r2': np.float64(0.3912917785346508), 'val_loss': 0.7381362077627799, 'val_r2': np.float64(0.29818713106215), 'lr': 0.0005}]",5,605.0047686100006
10,64,1,0.3,False,False,3,64,relu,0.0,False,64,0.0001,0.0,1.0,adam,5,0.2927084341645241,0.35563490353524685,0.06292646937072277,10,10,35488,"[{'epoch': 1, 'train_loss': 0.7002244571146732, 'train_r2': np.float64(0.22861851938068867), 'val_loss': 0.8130957418983391, 'val_r2': np.float64(0.22607445158064365), 'lr': 0.0001}, {'epoch': 2, 'train_loss': 0.6273846092868779, 'train_r2': np.float64(0.30908274464309216), 'val_loss': 0.7884643347956998, 'val_r2': np.float64(0.24925017356872559), 'lr': 0.0001}, {'epoch': 3, 'train_loss': 0.6119841402081055, 'train_r2': np.float64(0.3258744925260544), 'val_loss': 0.7756036160601576, 'val_r2': np.float64(0.26146342791616917), 'lr': 0.0001}, {'epoch': 4, 'train_loss': 0.6034308014019221, 'train_r2': np.float64(0.33526704646646976), 'val_loss': 0.7685217631440009, 'val_r2': np.float64(0.2681913021951914), 'lr': 0.0001}, {'epoch': 5, 'train_loss': 0.5981512309579059, 'train_r2': np.float64(0.34107212722301483), 'val_loss': 0.7638550243772585, 'val_r2': np.float64(0.27265581116080284), 'lr': 0.0001}, {'epoch': 6, 'train_loss': 0.5943574696367927, 'train_r2': np.float64(0.34522022493183613), 'val_loss': 0.7581018520422077, 'val_r2': np.float64(0.2781230751425028), 'lr': 0.0001}, {'epoch': 7, 'train_loss': 0.5913994556089567, 'train_r2': np.float64(0.34850828163325787), 'val_loss': 0.753424799083628, 'val_r2': np.float64(0.2825520560145378), 'lr': 0.0001}, {'epoch': 8, 'train_loss': 0.5889608882451746, 'train_r2': np.float64(0.3511655442416668), 'val_loss': 0.7500338293704443, 'val_r2': np.float64(0.2858188468962908), 'lr': 0.0001}, {'epoch': 9, 'train_loss': 0.5869195604862801, 'train_r2': np.float64(0.353540800511837), 'val_loss': 0.7460720760946534, 'val_r2': np.float64(0.2895786501467228), 'lr': 0.0001}, {'epoch': 10, 'train_loss': 0.5849110181612831, 'train_r2': np.float64(0.35563490353524685), 'val_loss': 0.7427933849856516, 'val_r2': np.float64(0.2927084341645241), 'lr': 0.0001}]",11,158.48575687408447
50,32,1,0.3,False,False,1,256,relu,0.0,True,32,0.0001,0.0,0.5,adam,3,0.2889885790646076,0.35313885286450386,0.06415027379989624,10,10,9504,"[{'epoch': 1, 'train_loss': 0.7075765290394416, 'train_r2': np.float64(0.21877306513488293), 'val_loss': 0.8304766938476364, 'val_r2': np.float64(0.20849761925637722), 'lr': 0.0001}, {'epoch': 2, 'train_loss': 0.638476187766495, 'train_r2': np.float64(0.29509751312434673), 'val_loss': 0.8032506543255068, 'val_r2': np.float64(0.2345105279237032), 'lr': 0.0001}, {'epoch': 3, 'train_loss': 0.6216310268235098, 'train_r2': np.float64(0.3136684335768223), 'val_loss': 0.7905920701091771, 'val_r2': np.float64(0.24654797837138176), 'lr': 0.0001}, {'epoch': 4, 'train_loss': 0.611069928964343, 'train_r2': np.float64(0.3253213260322809), 'val_loss': 0.7793374748832975, 'val_r2': np.float64(0.2572521045804024), 'lr': 0.0001}, {'epoch': 5, 'train_loss': 0.602593258939357, 'train_r2': np.float64(0.33462431095540524), 'val_loss': 0.7738737220938651, 'val_r2': np.float64(0.2624540776014328), 'lr': 0.0001}, {'epoch': 6, 'train_loss': 0.5966567401210805, 'train_r2': np.float64(0.3411527443677187), 'val_loss': 0.7678598419381933, 'val_r2': np.float64(0.2681900728493929), 'lr': 0.0001}, {'epoch': 7, 'train_loss': 0.5929569289858159, 'train_r2': np.float64(0.3452451005578041), 'val_loss': 0.7592082256306484, 'val_r2': np.float64(0.276509664952755), 'lr': 0.0001}, {'epoch': 8, 'train_loss': 0.5899646545232239, 'train_r2': np.float64(0.34852968342602253), 'val_loss': 0.7528665135783467, 'val_r2': np.float64(0.2825026251375675), 'lr': 0.0001}, {'epoch': 9, 'train_loss': 0.5875618997802915, 'train_r2': np.float64(0.35117214173078537), 'val_loss': 0.7529596552214165, 'val_r2': np.float64(0.28233763203024864), 'lr': 0.0001}, {'epoch': 10, 'train_loss': 0.5857890324704861, 'train_r2': np.float64(0.35313885286450386), 'val_loss': 0.7460364376247856, 'val_r2': np.float64(0.2889885790646076), 'lr': 0.0001}]",1,302.3862578868866
5,256,2,0.3,False,False,1,128,tanh,0.4,True,64,0.001,0.001,0.5,adamw,3,0.28740693256258965,0.376830842345953,0.08942390978336334,5,10,831520,"[{'epoch': 1, 'train_loss': 0.6200852123613513, 'train_r2': np.float64(0.3173113092780113), 'val_loss': 0.7711814093736955, 'val_r2': np.float64(0.2654146868735552), 'lr': 0.001}, {'epoch': 2, 'train_loss': 0.5911827288130844, 'train_r2': np.float64(0.3492128476500511), 'val_loss': 0.7540461368582867, 'val_r2': np.float64(0.28189425729215145), 'lr': 0.001}, {'epoch': 3, 'train_loss': 0.5813510946455073, 'train_r2': np.float64(0.3599868714809418), 'val_loss': 0.7520852976375156, 'val_r2': np.float64(0.28383568674325943), 'lr': 0.001}, {'epoch': 4, 'train_loss': 0.5735995019047746, 'train_r2': np.float64(0.36847168393433094), 'val_loss': 0.754159810219282, 'val_r2': np.float64(0.28180037438869476), 'lr': 0.001}, {'epoch': 5, 'train_loss': 0.5660228720876608, 'train_r2': np.float64(0.376830842345953), 'val_loss': 0.7483547365775814, 'val_r2': np.float64(0.28740693256258965), 'lr': 0.001}, {'epoch': 6, 'train_loss': 0.5582686963301622, 'train_r2': np.float64(0.385491069406271), 'val_loss': 0.7535347662590168, 'val_r2': np.float64(0.28247127309441566), 'lr': 0.001}, {'epoch': 7, 'train_loss': 0.548776297831208, 'train_r2': np.float64(0.39583655446767807), 'val_loss': 0.7666293106881189, 'val_r2': np.float64(0.26973030529916286), 'lr': 0.001}, {'epoch': 8, 'train_loss': 0.5385687282394976, 'train_r2': np.float64(0.40715102292597294), 'val_loss': 0.7714860578562006, 'val_r2': np.float64(0.26543547585606575), 'lr': 0.001}, {'epoch': 9, 'train_loss': 0.5267221905132953, 'train_r2': np.float64(0.4201587177813053), 'val_loss': 0.7815864523251851, 'val_r2': np.float64(0.25578973069787025), 'lr': 0.0005}, {'epoch': 10, 'train_loss': 0.5005443640304416, 'train_r2': np.float64(0.44912065751850605), 'val_loss': 0.7942415258030833, 'val_r2': np.float64(0.2439796645194292), 'lr': 0.0005}]",4,172.73095703125
50,192,3,0.3,False,True,2,64,tanh,0.0,True,64,0.005,0.0,1.0,adam,5,0.24988999031484127,0.3008102085441351,0.05092021822929382,1,6,589408,"[{'epoch': 1, 'train_loss': 0.633237014532557, 'train_r2': np.float64(0.3008102085441351), 'val_loss': 0.7867268806062832, 'val_r2': np.float64(0.24988999031484127), 'lr': 0.005}, {'epoch': 2, 'train_loss': 0.6288509592072803, 'train_r2': np.float64(0.30564082600176334), 'val_loss': 0.7888523275563445, 'val_r2': np.float64(0.24768298119306564), 'lr': 0.005}, {'epoch': 3, 'train_loss': 0.6398517149893422, 'train_r2': np.float64(0.2934858500957489), 'val_loss': 0.7913596487647511, 'val_r2': np.float64(0.24562356434762478), 'lr': 0.005}, {'epoch': 4, 'train_loss': 0.640750569424807, 'train_r2': np.float64(0.292490117251873), 'val_loss': 0.7931714787924845, 'val_r2': np.float64(0.24365343153476715), 'lr': 0.005}, {'epoch': 5, 'train_loss': 0.6430357382373922, 'train_r2': np.float64(0.2899944633245468), 'val_loss': 0.7875455556910272, 'val_r2': np.float64(0.2489769048988819), 'lr': 0.005}, {'epoch': 6, 'train_loss': 0.6485113214830545, 'train_r2': np.float64(0.28396425768733025), 'val_loss': 0.7949672212409232, 'val_r2': np.float64(0.2418790850788355), 'lr': 0.005}]",8,1258.334310054779
5,64,3,0.2,True,True,3,128,relu,0.3,False,64,0.005,0.001,5.0,adamw,7,0.24097446165978909,0.28420416079461575,0.04322969913482666,3,8,223776,"[{'epoch': 1, 'train_loss': 0.6792834299371185, 'train_r2': np.float64(0.2521965466439724), 'val_loss': 0.8074889481067657, 'val_r2': np.float64(0.23070352710783482), 'lr': 0.005}, {'epoch': 2, 'train_loss': 0.6543671509039387, 'train_r2': np.float64(0.2795583996921778), 'val_loss': 0.8092192044596613, 'val_r2': np.float64(0.22875639237463474), 'lr': 0.005}, {'epoch': 3, 'train_loss': 0.650168658009778, 'train_r2': np.float64(0.28420416079461575), 'val_loss': 0.7963468475106322, 'val_r2': np.float64(0.24097446165978909), 'lr': 0.005}, {'epoch': 4, 'train_loss': 0.6501033429274994, 'train_r2': np.float64(0.28431297093629837), 'val_loss': 0.8080790632668836, 'val_r2': np.float64(0.2302218209952116), 'lr': 0.005}, {'epoch': 5, 'train_loss': 0.6483823522348677, 'train_r2': np.float64(0.2860825080424547), 'val_loss': 0.8070651757864304, 'val_r2': np.float64(0.23097527213394642), 'lr': 0.005}, {'epoch': 6, 'train_loss': 0.6489128300015549, 'train_r2': np.float64(0.28565853647887707), 'val_loss': 0.8024775344648479, 'val_r2': np.float64(0.2351474054157734), 'lr': 0.005}, {'epoch': 7, 'train_loss': 0.6467268837525157, 'train_r2': np.float64(0.2880174573510885), 'val_loss': 0.8062665711766408, 'val_r2': np.float64(0.2319425456225872), 'lr': 0.005}, {'epoch': 8, 'train_loss': 0.6479560091403243, 'train_r2': np.float64(0.2866666316986084), 'val_loss': 0.811922147391755, 'val_r2': np.float64(0.22661897353827953), 'lr': 0.005}]",6,388.415100812912
20,32,3,0.3,True,False,3,128,gelu,0.0,True,32,0.005,0.001,1.0,adam,3,0.21728915721178055,0.2686223927885294,0.05133323557674885,7,10,96544,"[{'epoch': 1, 'train_loss': 0.7055364278246975, 'train_r2': np.float64(0.2223029937595129), 'val_loss': 0.8684036244207075, 'val_r2': np.float64(0.17296075075864792), 'lr': 0.005}, {'epoch': 2, 'train_loss': 0.690191511750788, 'train_r2': np.float64(0.23921890556812286), 'val_loss': 0.8357340239147321, 'val_r2': np.float64(0.20377002656459808), 'lr': 0.005}, {'epoch': 3, 'train_loss': 0.6807965523278467, 'train_r2': np.float64(0.24964087456464767), 'val_loss': 0.8423069735318235, 'val_r2': np.float64(0.1973612979054451), 'lr': 0.005}, {'epoch': 4, 'train_loss': 0.6792495715353644, 'train_r2': np.float64(0.25131530687212944), 'val_loss': 0.8433077247670783, 'val_r2': np.float64(0.19625762663781643), 'lr': 0.005}, {'epoch': 5, 'train_loss': 0.6776373445326477, 'train_r2': np.float64(0.25310841389000416), 'val_loss': 0.8678192383185533, 'val_r2': np.float64(0.17342827282845974), 'lr': 0.005}, {'epoch': 6, 'train_loss': 0.6770111187418743, 'train_r2': np.float64(0.2537756133824587), 'val_loss': 0.8560233103062308, 'val_r2': np.float64(0.18406610004603863), 'lr': 0.0025}, {'epoch': 7, 'train_loss': 0.6635965180472602, 'train_r2': np.float64(0.2686223927885294), 'val_loss': 0.8215676738390958, 'val_r2': np.float64(0.21728915721178055), 'lr': 0.0025}, {'epoch': 8, 'train_loss': 0.6636208188609352, 'train_r2': np.float64(0.26850614696741104), 'val_loss': 0.8314720093596311, 'val_r2': np.float64(0.20797740295529366), 'lr': 0.0025}, {'epoch': 9, 'train_loss': 0.6636743644149103, 'train_r2': np.float64(0.26846447587013245), 'val_loss': 0.827122538019827, 'val_r2': np.float64(0.21175361424684525), 'lr': 0.0025}, {'epoch': 10, 'train_loss': 0.6645451047435615, 'train_r2': np.float64(0.2675342280417681), 'val_loss': 0.8382231282769064, 'val_r2': np.float64(0.2016996629536152), 'lr': 0.0025}]",3,644.3198978900909
10,64,4,0.1,False,False,1,256,relu,0.4,False,256,0.002,0.01,1.0,adam,3,0.04871085286140442,0.08386342599987984,0.03515257313847542,1,6,127008,"[{'epoch': 1, 'train_loss': 0.8319706365578157, 'train_r2': np.float64(0.08386342599987984), 'val_loss': 0.99887816888271, 'val_r2': np.float64(0.04871085286140442), 'lr': 0.002}, {'epoch': 2, 'train_loss': 0.8968765616118161, 'train_r2': np.float64(0.01268809661269188), 'val_loss': 1.057552956118442, 'val_r2': np.float64(-0.009843580424785614), 'lr': 0.002}, {'epoch': 3, 'train_loss': 0.9080550797601092, 'train_r2': np.float64(-7.170066237449646e-05), 'val_loss': 1.0571154919591281, 'val_r2': np.float64(-0.009423982352018356), 'lr': 0.002}, {'epoch': 4, 'train_loss': 0.9081993080619583, 'train_r2': np.float64(-8.370727300643921e-05), 'val_loss': 1.0567485259311034, 'val_r2': np.float64(-0.009055551141500473), 'lr': 0.002}, {'epoch': 5, 'train_loss': 0.9085103579631126, 'train_r2': np.float64(-9.11317765712738e-05), 'val_loss': 1.056965963675244, 'val_r2': np.float64(-0.009270038455724716), 'lr': 0.001}, {'epoch': 6, 'train_loss': 0.9082194575689789, 'train_r2': np.float64(-3.90373170375824e-05), 'val_loss': 1.0570218828645084, 'val_r2': np.float64(-0.009327150881290436), 'lr': 0.001}]",7,39.31550884246826
