,lookback,hidden_size,num_layers,dropout,bidirectional,use_gru,fc_num_layers,fc_hidden_dims,fc_activation,fc_dropout,use_batch_norm,batch_size,lr,weight_decay,grad_clip,optimizer,lr_patience,best_val_r2,best_train_r2,overfitting_gap,best_epoch,total_epochs,n_parameters
68,50,128,1,0.1,True,True,2,256,relu,0.2,True,256,0.001,0.0001,5.0,adam,3,0.3598877117037773,0.4065865594893694,0.046698847785592,62.0,69.0,198944
67,50,128,1,0.1,True,True,2,256,relu,0.2,True,256,0.001,0.0001,5.0,adam,3,0.3597091548144817,0.4026065710932016,0.0428974162787199,45.0,50.0,198944
20,50,128,1,0.1,True,True,2,256,relu,0.2,True,256,0.001,0.0001,5.0,adam,3,0.3578878454864025,0.3951857481151819,0.0372979026287794,28.0,30.0,198944
64,60,192,3,0.3,True,True,3,256,gelu,0.3,True,128,0.0001,0.01,0.5,adamw,3,0.357395589351654,0.3900630511343479,0.0326674617826938,15.0,22.0,1765664
65,50,192,2,0.3,True,True,2,256,relu,0.3,True,256,0.0001,0.01,1.0,adamw,3,0.3569067046046257,0.3905332516878843,0.0336265470832586,19.0,22.0,1033504
66,50,192,2,0.3,True,True,2,256,relu,0.3,True,256,0.0001,0.01,1.0,adamw,3,0.3569067046046257,0.3905332516878843,0.0336265470832586,19.0,19.0,1033504
21,50,192,2,0.3,True,True,2,256,relu,0.3,True,256,0.0001,0.01,1.0,adamw,3,0.3568918127566576,0.3938621636480093,0.0369703508913517,22.0,29.0,1033504
10,50,192,2,0.3,True,True,2,256,relu,0.3,True,256,0.0001,0.01,1.0,adamw,3,0.3567605298012495,0.3935010246932506,0.0367404948920011,22.0,29.0,1033504
22,50,128,2,0.3,True,True,2,256,relu,0.4,True,256,0.0001,0.0001,5.0,adamw,3,0.3567440584301948,0.3885051179677248,0.0317610595375299,29.0,30.0,495392
2,50,128,3,0.3,False,True,2,256,relu,0.0,True,256,0.0001,0.0,0.5,adam,3,0.3566236104816198,0.4003418013453483,0.0437181908637285,35.0,40.0,302112
63,100,384,3,0.2,True,True,3,256,gelu,0.2,True,128,0.0001,0.0005,1.0,adamw,3,0.3565280549228191,0.39808682911098,0.0415587741881608,10.0,17.0,6552608
209,50,64,4,0.3,True,True,2,256,relu,0.0,True,256,0.0001,0.0,0.5,adam,3,0.3561269361525774,0.4012412745505571,0.0451143383979797,40.0,40.0,369184
210,50,64,1,0.3,True,True,2,256,relu,0.0,True,256,0.0001,0.0,0.5,adam,3,0.355498842895031,0.4064594134688377,0.0509605705738067,34.0,40.0,145696
23,50,192,2,0.3,True,True,2,64,tanh,0.0,True,256,0.0005,0.001,0.5,adamw,3,0.3553257584571838,0.4007455520331859,0.0454197935760021,7.0,14.0,953056
211,50,192,1,0.3,True,True,2,256,relu,0.0,True,256,0.0005,0.0,0.5,adam,3,0.3550310954451561,0.4039528425782919,0.0489217471331357,9.0,16.0,959776
212,50,64,2,0.1,True,True,2,256,relu,0.0,True,256,0.0005,0.0,0.5,adam,3,0.3548691961914301,0.4059973917901516,0.0511281955987215,13.0,20.0,220192
24,30,128,2,0.2,True,True,3,64,gelu,0.0,True,256,0.001,0.0,,adam,3,0.3547912705689668,0.4002488944679498,0.045457623898983,6.0,13.0,443808
213,50,64,4,0.1,True,True,2,256,relu,0.0,True,256,0.0005,0.0,0.5,adam,3,0.3542154841125011,0.4023436959832907,0.0481282118707895,10.0,17.0,369184
25,30,192,4,0.3,True,True,2,128,tanh,0.4,True,256,0.0005,0.01,0.5,adamw,3,0.3539144694805145,0.3928370382636785,0.038922568783164,10.0,17.0,2311584
26,30,128,1,0.1,True,True,2,256,gelu,0.0,True,256,0.0001,0.01,5.0,adamw,3,0.3535390477627516,0.4008744694292545,0.0473354216665029,29.0,30.0,198944
11,50,192,1,0.3,True,True,2,128,gelu,0.3,True,256,0.001,0.01,1.0,adamw,3,0.3533259611576795,0.388791749253869,0.0354657880961895,7.0,14.0,314016
27,50,192,1,0.3,True,True,2,128,gelu,0.3,True,256,0.001,0.01,1.0,adamw,3,0.3530547339469194,0.3946122266352176,0.0415574926882982,9.0,16.0,314016
28,50,192,1,0.3,True,True,3,128,relu,0.3,True,256,0.0005,0.0001,1.0,adamw,3,0.3529589734971523,0.3778983596712351,0.0249393861740827,9.0,16.0,330784
12,20,192,4,0.2,True,True,3,256,gelu,0.2,True,256,0.0001,0.0,1.0,adamw,3,0.3527884036302566,0.3896873276680708,0.0368989240378141,15.0,22.0,2431520
29,20,128,2,0.1,True,True,2,256,gelu,0.2,True,256,0.0005,0.001,0.5,adamw,3,0.3527390174567699,0.3949396163225174,0.0422005988657474,8.0,15.0,495392
30,20,192,4,0.2,True,True,3,256,gelu,0.2,True,256,0.0001,0.0,1.0,adamw,3,0.352645929902792,0.4008737988770008,0.0482278689742088,20.0,27.0,2431520
31,50,192,2,0.3,True,True,2,64,gelu,0.4,True,256,0.0001,0.001,0.5,adamw,3,0.3524504583328962,0.3695889133960008,0.0171384550631046,24.0,30.0,953056
13,20,64,2,0.2,True,True,2,256,gelu,0.3,True,256,0.0005,0.01,0.5,adamw,3,0.3523909673094749,0.3899245150387287,0.0375335477292537,14.0,21.0,153888
32,30,128,2,0.3,True,True,2,64,tanh,0.4,True,256,0.0005,0.0,1.0,adamw,3,0.3523798082023859,0.374543322250247,0.0221635140478611,12.0,19.0,439520
0,30,64,4,0.2,True,True,1,64,gelu,0.4,True,128,0.0005,0.0001,1.0,adam,3,0.3522888068109751,0.392336193472147,0.0400473866611719,37.0,40.0,265248
3,30,256,3,0.2,False,True,3,256,gelu,0.2,True,256,0.0005,0.0,1.0,adamw,3,0.352123063057661,0.3930758591741323,0.0409527961164712,7.0,14.0,1153056
33,30,192,2,0.3,True,True,3,256,tanh,0.2,True,256,0.001,0.0,1.0,adamw,3,0.3520842287689447,0.3979526534676552,0.0458684246987104,8.0,15.0,1099808
34,30,192,1,0.3,True,True,3,256,tanh,0.0,True,256,0.0001,0.01,0.5,adamw,3,0.352030873298645,0.4119667559862137,0.0599358826875686,28.0,30.0,433952
14,50,64,1,0.3,True,True,2,64,gelu,0.0,True,256,0.0001,0.0,,adam,3,0.3520119991153478,0.3949688803404569,0.0429568812251091,37.0,40.0,48096
35,20,64,4,0.1,True,True,3,256,relu,0.2,True,256,0.0005,0.0001,,adam,3,0.3517485912889242,0.3875902071595192,0.0358416158705949,30.0,30.0,369184
4,50,128,4,0.1,False,True,3,128,tanh,0.3,True,256,0.001,0.0001,1.0,adam,3,0.3516930714249611,0.3777320794761181,0.0260390080511569,37.0,40.0,397088
214,20,128,4,0.2,True,True,2,256,relu,0.0,True,256,0.0005,0.0,0.5,adam,3,0.3516766149550676,0.3989061694592237,0.0472295545041561,8.0,15.0,1351968
36,50,128,4,0.3,True,True,2,64,gelu,0.2,True,256,0.001,0.0001,5.0,adam,3,0.3516717962920666,0.3763893079012632,0.0247175116091966,28.0,30.0,1032416
37,20,64,2,0.2,True,True,2,256,gelu,0.3,True,256,0.0005,0.01,0.5,adamw,3,0.351623173803091,0.3967417702078819,0.0451185964047908,20.0,27.0,153888
38,50,128,1,0.3,True,True,2,128,tanh,0.2,True,256,0.001,0.01,1.0,adamw,3,0.3514155764132738,0.3910917490720749,0.039676172658801,9.0,16.0,161696
215,20,64,1,0.2,True,True,2,256,relu,0.0,True,256,0.0005,0.0,0.5,adam,3,0.3513589352369308,0.3943820428103208,0.04302310757339,11.0,18.0,145696
216,20,128,2,0.1,True,True,2,256,relu,0.0,True,256,0.0001,0.0,0.5,adam,3,0.3511781506240368,0.3982892036437988,0.047111053019762,19.0,26.0,759072
39,50,128,1,0.3,True,True,3,128,relu,0.4,True,256,0.001,0.0001,5.0,adam,3,0.3511315528303385,0.3654857277870178,0.0143541749566793,30.0,30.0,178464
15,20,128,2,0.1,True,True,2,256,gelu,0.2,True,256,0.0005,0.001,0.5,adamw,3,0.3510082326829433,0.402394849807024,0.0513866171240806,10.0,17.0,495392
217,20,128,2,0.3,True,True,2,256,relu,0.0,True,256,0.0005,0.0,0.5,adam,3,0.3509575817734003,0.4059253018349409,0.0549677200615406,12.0,19.0,759072
40,20,192,4,0.3,True,True,3,128,relu,0.2,True,256,0.0001,0.0,0.5,adam,3,0.350689647719264,0.3883245959877968,0.0376349482685327,22.0,29.0,2328352
41,50,64,1,0.3,True,True,2,64,gelu,0.0,True,256,0.0001,0.0,,adam,3,0.3506738469004631,0.3915631659328937,0.0408893190324306,28.0,30.0,48096
42,50,192,1,0.2,True,True,3,64,tanh,0.2,True,256,0.0005,0.001,0.5,adamw,3,0.3506707642227411,0.3814321924000978,0.0307614281773567,13.0,20.0,291488
218,30,128,1,0.1,True,True,2,256,relu,0.0,True,256,0.0005,0.0,0.5,adam,3,0.3503342177718878,0.3997680079191923,0.0494337901473045,8.0,15.0,462624
16,20,192,4,0.3,True,True,3,128,relu,0.2,True,256,0.0001,0.0,0.5,adam,3,0.3501007631421089,0.3945433013141155,0.0444425381720066,25.0,32.0,2328352
43,30,192,4,0.3,True,True,3,128,gelu,0.2,True,256,0.001,0.0,1.0,adamw,3,0.3499973807483911,0.3939466811716556,0.0439493004232645,9.0,16.0,2328352
219,20,64,1,0.1,True,True,2,256,relu,0.0,True,256,0.0005,0.0,0.5,adam,3,0.3489806596189737,0.3945523034781217,0.045571643859148,8.0,15.0,145696
44,20,192,4,0.3,True,True,3,256,gelu,0.3,True,256,0.0001,0.0001,0.5,adam,3,0.3488838206976652,0.3756669871509075,0.0267831664532423,28.0,30.0,2431520
17,20,128,2,0.1,True,True,2,64,gelu,0.4,True,256,0.0001,0.01,0.5,adamw,3,0.3480949196964502,0.3701058756560087,0.0220109559595584,33.0,40.0,439520
45,20,128,2,0.1,True,True,2,64,gelu,0.4,True,256,0.0001,0.01,0.5,adamw,3,0.3478135857731104,0.3649483323097229,0.0171347465366125,25.0,30.0,439520
46,20,192,1,0.2,True,True,2,64,gelu,0.2,True,256,0.001,0.0,,adamw,3,0.3477921579033136,0.3816571366041899,0.0338649787008762,6.0,13.0,287200
47,20,128,1,0.1,True,True,3,128,gelu,0.3,True,256,0.001,0.0,5.0,adam,3,0.3477382268756628,0.378543209284544,0.0308049824088811,8.0,15.0,178464
5,30,128,4,0.2,False,True,2,64,gelu,0.4,True,256,0.0005,0.0001,1.0,adam,3,0.3474118150770664,0.36190933175385,0.0144975166767835,38.0,40.0,369888
48,30,128,1,0.2,True,True,2,128,gelu,0.4,True,256,0.0001,0.0001,5.0,adam,3,0.3472168873995542,0.3723161444067955,0.0250992570072412,27.0,30.0,161696
18,20,128,1,0.1,True,True,3,128,gelu,0.3,True,256,0.001,0.0,5.0,adam,3,0.3471676092594862,0.3781955633312464,0.0310279540717601,8.0,15.0,178464
60,20,64,1,0.0,False,True,2,64,relu,0.0,True,128,0.0001,0.0,,adamw,3,0.3467536345124244,0.3904039487242698,0.0436503142118454,39.0,40.0,25184
61,20,64,1,0.0,False,True,2,64,relu,0.0,True,128,0.0001,0.0,0.5,adam,3,0.3464187495410442,0.3902470469474792,0.043828297406435,38.0,40.0,25184
62,20,64,1,0.0,False,True,2,64,relu,0.0,True,128,0.0001,0.0,,adam,3,0.3464139625430107,0.387922590598464,0.0415086280554533,31.0,38.0,25184
49,20,192,2,0.1,True,True,2,64,relu,0.4,True,256,0.0005,0.0001,5.0,adamw,3,0.345976036041975,0.3556294720619917,0.0096534360200166,6.0,13.0,953056
50,20,192,4,0.3,True,True,3,64,gelu,0.3,True,256,0.001,0.001,1.0,adamw,3,0.3448678068816662,0.3660228326916694,0.0211550258100032,7.0,14.0,2289056
1,50,32,1,0.3,False,False,1,256,relu,0.0,True,32,0.0001,0.0,0.5,adam,3,0.3428824655711651,0.386333143338561,0.0434506777673959,38.0,40.0,9504
19,50,64,2,0.2,True,True,2,256,gelu,0.0,True,256,0.0001,0.001,5.0,adam,3,0.3397962432354688,0.3753151968121528,0.035518953576684,38.0,40.0,153888
51,20,192,2,0.1,True,True,3,256,tanh,0.4,True,256,0.001,0.0001,1.0,adam,3,0.3392479084432125,0.3719273842871189,0.0326794758439064,15.0,22.0,1099808
52,20,64,1,0.3,True,True,3,128,relu,0.3,True,256,0.001,0.001,,adam,3,0.3356728348881006,0.3575276061892509,0.0218547713011503,29.0,30.0,75296
53,20,64,4,0.3,True,True,3,64,relu,0.4,True,256,0.0001,0.01,0.5,adamw,3,0.3334608785808086,0.3336733262985945,0.0002124477177858,28.0,30.0,275872
54,50,64,2,0.2,True,True,2,256,gelu,0.0,True,256,0.0001,0.001,5.0,adam,3,0.330435361713171,0.3660949431359768,0.0356595814228057,6.0,13.0,153888
55,20,64,2,0.3,True,True,2,256,tanh,0.2,True,256,0.0001,0.001,1.0,adam,3,0.3266296107321977,0.3596190828830004,0.0329894721508026,29.0,30.0,153888
56,20,192,4,0.1,True,True,2,256,gelu,0.0,True,256,0.0001,0.001,,adam,3,0.3259790521115064,0.3626695573329925,0.036690505221486,27.0,30.0,2365216
6,5,128,4,0.2,False,True,3,64,tanh,0.2,True,256,0.005,0.01,5.0,adamw,3,0.3235911410301924,0.3493303656578064,0.025739224627614,39.0,40.0,374176
148,20,64,2,0.4,True,True,1,64,relu,0.2,True,128,0.001,0.0,1.0,adamw,10,0.3227154165506363,0.3811635728925466,0.0584481563419103,9.0,10.0,116256
149,50,96,1,0.5,True,False,2,128,relu,0.4,True,256,0.0005,0.01,0.5,adamw,10,0.3220240138471126,0.3577064890414476,0.0356824751943349,9.0,10.0,128928
150,30,192,1,0.1,True,False,2,64,relu,0.3,True,128,0.0005,0.01,1.0,adamw,10,0.320656917989254,0.3581374548375606,0.0374805368483066,9.0,10.0,373984
198,30,64,4,0.2,True,True,1,64,gelu,0.4,True,128,0.0005,0.0001,1.0,adam,3,0.319076607003808,0.3664217069745064,0.0473450999706983,8.0,10.0,265248
151,30,64,4,0.2,True,True,1,64,gelu,0.4,True,128,0.0005,0.0001,1.0,adam,3,0.319076607003808,0.3664217069745064,0.0473450999706983,8.0,10.0,265248
152,30,256,1,0.2,False,True,3,64,relu,0.2,False,32,0.0005,0.0,5.0,adamw,10,0.3189717084169388,0.3640577849000692,0.0450860764831304,6.0,10.0,245408
57,30,64,1,0.2,True,True,3,128,tanh,0.4,True,256,0.0001,0.001,0.5,adam,3,0.318567406386137,0.3411681856960058,0.0226007793098688,28.0,30.0,75296
199,15,64,1,0.5,True,True,1,64,tanh,0.3,False,32,0.0005,0.0,,adamw,3,0.3165898732841015,0.3795605394989252,0.0629706662148237,10.0,10.0,41760
153,15,64,1,0.5,True,True,1,64,tanh,0.3,False,32,0.0005,0.0,,adamw,3,0.3165898732841015,0.3795605394989252,0.0629706662148237,10.0,10.0,41760
154,10,256,3,0.2,True,True,1,256,gelu,0.3,True,128,0.0001,0.0,5.0,adam,3,0.3157039955258369,0.369213093072176,0.053509097546339,9.0,10.0,2827296
155,20,256,3,0.5,True,False,1,64,gelu,0.0,True,32,0.0005,0.01,5.0,adamw,5,0.3141999971121549,0.3870740458369255,0.0728740487247705,5.0,10.0,3764256
156,20,96,4,0.3,True,True,1,64,tanh,0.2,False,32,0.001,0.0,,adamw,5,0.3133036587387323,0.3794230446219444,0.066119385883212,6.0,10.0,582176
157,30,128,4,0.1,True,True,2,128,tanh,0.0,False,128,0.002,0.01,1.0,adamw,3,0.3130643032491207,0.390327475965023,0.0772631727159023,6.0,10.0,1050784
200,30,64,2,0.4,False,True,3,256,tanh,0.2,False,128,0.002,0.001,5.0,adamw,3,0.3125250041484833,0.3560428358614445,0.0435178317129612,8.0,10.0,134432
158,30,64,2,0.4,False,True,3,256,tanh,0.2,False,128,0.002,0.001,5.0,adamw,3,0.3125250041484833,0.3560428358614445,0.0435178317129612,8.0,10.0,134432
159,30,256,2,0.2,False,False,2,64,relu,0.3,True,64,0.001,0.0001,,adamw,3,0.3121243864297867,0.3471566066145897,0.035032220184803,4.0,9.0,841952
160,50,32,1,0.1,True,True,1,64,relu,0.2,True,64,0.002,0.0001,1.0,adamw,5,0.3119445666670799,0.3707469403743744,0.0588023737072944,5.0,10.0,14752
161,30,256,2,0.5,False,False,2,128,tanh,0.2,True,32,0.0005,0.0,1.0,adamw,7,0.3106864467263222,0.35771712847054,0.0470306817442178,4.0,9.0,860576
201,30,256,2,0.5,False,False,2,128,tanh,0.2,True,32,0.0005,0.0,1.0,adamw,7,0.3106864467263222,0.35771712847054,0.0470306817442178,4.0,9.0,860576
162,50,128,3,0.1,False,True,1,256,tanh,0.2,True,256,0.005,0.0,,adam,5,0.3070494793355465,0.3560771439224481,0.0490276645869016,2.0,7.0,264480
163,20,32,1,0.3,False,True,3,64,tanh,0.3,True,128,0.002,0.001,1.0,adamw,7,0.3046932928264141,0.3331948351114988,0.0285015422850847,6.0,10.0,14944
164,15,128,3,0.1,True,False,3,256,relu,0.3,False,32,0.0001,0.0,0.5,adam,3,0.3042068816721439,0.3743928372859955,0.0701859556138515,8.0,10.0,1096224
165,50,96,2,0.2,False,False,1,64,tanh,0.0,True,256,0.005,0.0001,5.0,adamw,10,0.3012045249342918,0.3683397583663463,0.0671352334320545,3.0,8.0,127520
166,10,96,3,0.3,True,True,3,64,gelu,0.2,False,64,0.002,0.01,0.5,adamw,10,0.2968257274478674,0.334893049672246,0.0380673222243785,3.0,8.0,427552
7,50,256,4,0.3,False,True,3,64,tanh,0.0,True,256,0.005,0.0,1.0,adam,3,0.2953576166182756,0.3238801695406437,0.028522552922368,1.0,8.0,1429920
202,10,64,1,0.3,False,False,3,64,relu,0.0,False,64,0.0001,0.0,1.0,adam,5,0.2927084341645241,0.3556349035352468,0.0629264693707227,10.0,10.0,35488
167,10,64,1,0.3,False,False,3,64,relu,0.0,False,64,0.0001,0.0,1.0,adam,5,0.2927084341645241,0.3556349035352468,0.0629264693707227,10.0,10.0,35488
168,15,96,2,0.1,False,True,1,256,gelu,0.2,False,64,0.002,0.001,1.0,adam,5,0.291358795017004,0.3369505275040865,0.0455917324870824,10.0,10.0,96416
169,30,64,2,0.2,True,False,3,64,tanh,0.3,True,64,0.005,0.0,0.5,adamw,3,0.2910912819206714,0.3311200849711895,0.040028803050518,10.0,10.0,164256
170,10,64,1,0.1,True,False,1,256,gelu,0.4,False,64,0.0001,0.01,0.5,adamw,7,0.2895911037921905,0.3551185205578804,0.0655274167656898,10.0,10.0,54304
171,50,32,1,0.3,False,False,1,256,relu,0.0,True,32,0.0001,0.0,0.5,adam,3,0.2889885790646076,0.3531388528645038,0.0641502737998962,10.0,10.0,9504
203,50,32,1,0.3,False,False,1,256,relu,0.0,True,32,0.0001,0.0,0.5,adam,3,0.2889885790646076,0.3531388528645038,0.0641502737998962,10.0,10.0,9504
172,10,64,3,0.1,False,False,3,128,gelu,0.2,True,256,0.002,0.001,5.0,adamw,3,0.2876116055995226,0.3579772654920816,0.070365659892559,10.0,10.0,121120
173,5,256,2,0.3,False,False,1,128,tanh,0.4,True,64,0.001,0.001,0.5,adamw,3,0.2874069325625896,0.376830842345953,0.0894239097833633,5.0,10.0,831520
204,5,256,2,0.3,False,False,1,128,tanh,0.4,True,64,0.001,0.001,0.5,adamw,3,0.2874069325625896,0.376830842345953,0.0894239097833633,5.0,10.0,831520
174,50,192,3,0.1,False,True,1,256,tanh,0.0,False,256,0.001,0.001,5.0,adam,10,0.2870824448764324,0.3391451817005873,0.0520627368241548,10.0,10.0,581024
175,5,128,1,0.1,False,False,1,64,tanh,0.4,True,64,0.002,0.0,0.5,adamw,3,0.2860075440257787,0.3497971389442682,0.0637895949184894,2.0,7.0,87072
58,30,64,4,0.2,True,True,3,128,gelu,0.0,True,256,0.0001,0.01,0.5,adam,3,0.2855708543211221,0.28604881092906,0.0004779566079378,1.0,8.0,298784
176,30,32,3,0.5,False,True,1,64,tanh,0.3,False,128,0.0005,0.0001,,adamw,10,0.2793311607092619,0.3320889417082071,0.0527577809989452,10.0,10.0,20064
177,30,32,3,0.5,True,True,3,64,relu,0.2,False,128,0.005,0.0,,adamw,10,0.2789158225059509,0.31495644710958,0.0360406246036291,9.0,10.0,60704
178,30,64,3,0.2,True,False,1,128,tanh,0.2,True,128,0.005,0.0,1.0,adam,5,0.2767824586480856,0.3461077399551868,0.0693252813071012,5.0,10.0,252960
179,5,256,3,0.2,True,True,2,256,relu,0.2,False,64,0.002,0.0001,0.5,adam,10,0.2741904687136411,0.3257229905575514,0.0515325218439102,8.0,10.0,2950432
180,5,192,1,0.2,False,False,3,64,tanh,0.0,False,32,0.005,0.0,5.0,adamw,7,0.2724150437861681,0.3036414589732885,0.0312264151871204,1.0,6.0,192160
181,30,64,3,0.1,True,False,3,256,gelu,0.2,True,256,0.0001,0.001,1.0,adam,7,0.2687443736940622,0.3289861883968115,0.0602418147027492,10.0,10.0,356896
182,15,256,4,0.2,False,True,1,128,tanh,0.2,False,32,0.002,0.001,5.0,adamw,10,0.266774769872427,0.3253311682492494,0.0585563983768224,8.0,10.0,1415200
183,20,192,4,0.5,True,False,3,128,tanh,0.3,False,128,0.005,0.01,0.5,adamw,10,0.2642925046384334,0.3167876303195953,0.0524951256811618,5.0,10.0,3080480
184,15,64,4,0.5,True,True,2,128,gelu,0.2,True,64,0.0001,0.001,1.0,adam,5,0.2535648811608553,0.2982130646705627,0.0446481835097074,8.0,10.0,282016
185,15,32,2,0.3,True,True,1,256,relu,0.3,False,256,0.0001,0.0001,0.5,adamw,5,0.2501549310982227,0.3123820871114731,0.0622271560132503,10.0,10.0,33568
205,50,192,3,0.3,False,True,2,64,tanh,0.0,True,64,0.005,0.0,1.0,adam,5,0.2498899903148412,0.3008102085441351,0.0509202182292938,1.0,6.0,589408
186,50,192,3,0.3,False,True,2,64,tanh,0.0,True,64,0.005,0.0,1.0,adam,5,0.2498899903148412,0.3008102085441351,0.0509202182292938,1.0,6.0,589408
187,20,96,4,0.4,False,False,2,128,gelu,0.0,True,256,0.0001,0.001,1.0,adamw,10,0.2433424033224582,0.3197884932160377,0.0764460898935794,10.0,10.0,290208
188,5,64,3,0.2,True,True,3,128,relu,0.3,False,64,0.005,0.001,5.0,adamw,7,0.240974461659789,0.2842041607946157,0.0432296991348266,3.0,8.0,223776
206,5,64,3,0.2,True,True,3,128,relu,0.3,False,64,0.005,0.001,5.0,adamw,7,0.240974461659789,0.2842041607946157,0.0432296991348266,3.0,8.0,223776
189,30,256,2,0.4,False,True,2,128,relu,0.4,True,256,0.0005,0.01,0.5,adam,10,0.2237229999154806,0.2759520653635263,0.0522290654480457,3.0,8.0,654752
207,20,32,3,0.3,True,False,3,128,gelu,0.0,True,32,0.005,0.001,1.0,adam,3,0.2172891572117805,0.2686223927885294,0.0513332355767488,7.0,10.0,96544
190,20,32,3,0.3,True,False,3,128,gelu,0.0,True,32,0.005,0.001,1.0,adam,3,0.2172891572117805,0.2686223927885294,0.0513332355767488,7.0,10.0,96544
191,5,192,3,0.4,True,True,2,64,relu,0.3,True,32,0.0001,0.01,5.0,adam,3,0.2131260260939598,0.2015932034701109,-0.0115328226238489,1.0,6.0,1618912
8,20,128,4,0.3,False,True,3,256,relu,0.4,True,256,0.005,0.001,0.5,adam,3,0.21179542504251,0.2828518971800804,0.0710564721375703,3.0,10.0,467488
9,10,256,4,0.1,False,True,2,256,relu,0.4,True,256,0.002,0.01,1.0,adam,3,0.2112570945173502,0.2325220610946416,0.0212649665772914,8.0,15.0,1481504
192,15,64,3,0.2,True,False,3,256,relu,0.3,False,32,0.005,0.001,0.5,adamw,3,0.2053816094994545,0.2458011787384748,0.0404195692390203,6.0,10.0,355872
193,30,96,4,0.3,True,True,3,64,relu,0.4,True,64,0.005,0.001,5.0,adam,7,0.204699857160449,0.2198099326342344,0.0151100754737854,9.0,10.0,594848
59,30,192,4,0.3,True,True,2,256,tanh,0.4,True,256,0.001,0.001,5.0,adam,3,0.1988241989165544,0.3175933342427015,0.118769135326147,2.0,9.0,2365216
194,15,32,1,0.5,False,True,2,256,relu,0.3,False,128,0.005,0.01,1.0,adam,3,0.1852165628224611,0.2464618645608425,0.0612453017383813,10.0,10.0,23008
195,20,128,3,0.3,False,False,2,128,relu,0.4,True,128,0.0001,0.01,1.0,adam,10,0.1848746370524168,0.2454639412462711,0.0605893041938543,5.0,10.0,368032
196,5,32,2,0.3,True,True,1,128,gelu,0.3,True,128,0.005,0.01,5.0,adam,3,0.1612634342163801,0.2270601261407137,0.0657966919243335,8.0,10.0,33568
208,10,64,4,0.1,False,False,1,256,relu,0.4,False,256,0.002,0.01,1.0,adam,3,0.0487108528614044,0.0838634259998798,0.0351525731384754,1.0,6.0,127008
197,10,64,4,0.1,False,False,1,256,relu,0.4,False,256,0.002,0.01,1.0,adam,3,0.0487108528614044,0.0838634259998798,0.0351525731384754,1.0,6.0,127008
69,50,32,1,0.3,False,False,1,256,relu,0.0,True,32,0.0001,0.0,0.5,adam,3,,,,,,9504
70,50,32,1,0.3,False,False,1,256,relu,0.0,True,32,0.0001,0.0,0.5,adam,3,,,,,,9504
71,30,64,4,0.2,True,True,1,64,gelu,0.4,True,128,0.0005,0.0001,1.0,adam,3,,,,,,265248
72,50,32,1,0.3,False,False,1,256,relu,0.0,True,32,0.0001,0.0,0.5,adam,3,,,,,,9504
73,20,32,3,0.3,True,False,3,128,gelu,0.0,True,32,0.005,0.001,1.0,adam,3,,,,,,96544
74,30,64,4,0.2,True,True,1,64,gelu,0.4,True,128,0.0005,0.0001,1.0,adam,3,,,,,,265248
75,50,32,1,0.3,False,False,1,256,relu,0.0,True,32,0.0001,0.0,0.5,adam,3,,,,,,9504
76,15,64,1,0.5,True,True,1,64,tanh,0.3,False,32,0.0005,0.0,,adamw,3,,,,,,41760
77,30,64,2,0.4,False,True,3,256,tanh,0.2,False,128,0.002,0.001,5.0,adamw,3,,,,,,134432
78,30,64,4,0.2,True,True,1,64,gelu,0.4,True,128,0.0005,0.0001,1.0,adam,3,,,,,,265248
79,30,256,2,0.5,False,False,2,128,tanh,0.2,True,32,0.0005,0.0,1.0,adamw,7,,,,,,860576
80,50,32,1,0.3,False,False,1,256,relu,0.0,True,32,0.0001,0.0,0.5,adam,3,,,,,,9504
81,5,256,2,0.3,False,False,1,128,tanh,0.4,True,64,0.001,0.001,0.5,adamw,3,,,,,,831520
82,50,192,3,0.3,False,True,2,64,tanh,0.0,True,64,0.005,0.0,1.0,adam,5,,,,,,589408
83,5,64,3,0.2,True,True,3,128,relu,0.3,False,64,0.005,0.001,5.0,adamw,7,,,,,,223776
84,20,32,3,0.3,True,False,3,128,gelu,0.0,True,32,0.005,0.001,1.0,adam,3,,,,,,96544
85,10,64,4,0.1,False,False,1,256,relu,0.4,False,256,0.002,0.01,1.0,adam,3,,,,,,127008
86,30,64,4,0.2,True,True,1,64,gelu,0.4,True,128,0.0005,0.0001,1.0,adam,3,,,,,,265248
87,30,256,2,0.5,False,False,2,128,tanh,0.2,True,32,0.0005,0.0,1.0,adamw,7,,,,,,860576
88,50,32,1,0.3,False,False,1,256,relu,0.0,True,32,0.0001,0.0,0.5,adam,3,,,,,,9504
89,5,256,2,0.3,False,False,1,128,tanh,0.4,True,64,0.001,0.001,0.5,adamw,3,,,,,,831520
90,5,64,3,0.2,True,True,3,128,relu,0.3,False,64,0.005,0.001,5.0,adamw,7,,,,,,223776
91,20,32,3,0.3,True,False,3,128,gelu,0.0,True,32,0.005,0.001,1.0,adam,3,,,,,,96544
92,10,64,4,0.1,False,False,1,256,relu,0.4,False,256,0.002,0.01,1.0,adam,3,,,,,,127008
93,30,64,4,0.2,True,True,1,64,gelu,0.4,True,128,0.0005,0.0001,1.0,adam,3,,,,,,265248
94,50,32,1,0.3,False,False,1,256,relu,0.0,True,32,0.0001,0.0,0.5,adam,3,,,,,,9504
95,50,96,1,0.5,True,False,2,128,relu,0.4,True,256,0.0005,0.01,0.5,adamw,10,,,,,,128928
96,30,256,1,0.2,False,True,3,64,relu,0.2,False,32,0.0005,0.0,5.0,adamw,10,,,,,,245408
97,20,64,2,0.4,True,True,1,64,relu,0.2,True,128,0.001,0.0,1.0,adamw,10,,,,,,116256
98,30,192,1,0.1,True,False,2,64,relu,0.3,True,128,0.0005,0.01,1.0,adamw,10,,,,,,373984
99,50,32,1,0.1,True,True,1,64,relu,0.2,True,64,0.002,0.0001,1.0,adamw,5,,,,,,14752
100,15,64,1,0.5,True,True,1,64,tanh,0.3,False,32,0.0005,0.0,,adamw,3,,,,,,41760
101,30,64,2,0.4,False,True,3,256,tanh,0.2,False,128,0.002,0.001,5.0,adamw,3,,,,,,134432
102,30,64,4,0.2,True,True,1,64,gelu,0.4,True,128,0.0005,0.0001,1.0,adam,3,,,,,,265248
103,10,256,3,0.2,True,True,1,256,gelu,0.3,True,128,0.0001,0.0,5.0,adam,3,,,,,,2827296
104,20,96,4,0.3,True,True,1,64,tanh,0.2,False,32,0.001,0.0,,adamw,5,,,,,,582176
105,50,128,3,0.1,False,True,1,256,tanh,0.2,True,256,0.005,0.0,,adam,5,,,,,,264480
106,30,256,2,0.2,False,False,2,64,relu,0.3,True,64,0.001,0.0001,,adamw,3,,,,,,841952
107,10,96,2,0.3,True,True,1,64,gelu,0.2,False,128,0.005,0.0,5.0,adam,5,,,,,,248096
108,30,128,4,0.1,True,True,2,128,tanh,0.0,False,128,0.002,0.01,1.0,adamw,3,,,,,,1050784
109,20,256,3,0.5,True,False,1,64,gelu,0.0,True,32,0.0005,0.01,5.0,adamw,5,,,,,,3764256
110,30,64,3,0.1,True,False,3,256,gelu,0.2,True,256,0.0001,0.001,1.0,adam,7,,,,,,356896
111,30,256,2,0.5,False,False,2,128,tanh,0.2,True,32,0.0005,0.0,1.0,adamw,7,,,,,,860576
112,15,64,4,0.5,True,True,2,128,gelu,0.2,True,64,0.0001,0.001,1.0,adam,5,,,,,,282016
113,10,64,1,0.1,True,False,1,256,gelu,0.4,False,64,0.0001,0.01,0.5,adamw,7,,,,,,54304
114,50,192,3,0.1,False,True,1,256,tanh,0.0,False,256,0.001,0.001,5.0,adam,10,,,,,,581024
115,20,32,1,0.3,False,True,3,64,tanh,0.3,True,128,0.002,0.001,1.0,adamw,7,,,,,,14944
116,15,128,3,0.1,True,False,3,256,relu,0.3,False,32,0.0001,0.0,0.5,adam,3,,,,,,1096224
117,50,96,2,0.2,False,False,1,64,tanh,0.0,True,256,0.005,0.0001,5.0,adamw,10,,,,,,127520
118,5,128,1,0.1,False,False,1,64,tanh,0.4,True,64,0.002,0.0,0.5,adamw,3,,,,,,87072
119,30,32,3,0.5,False,True,1,64,tanh,0.3,False,128,0.0005,0.0001,,adamw,10,,,,,,20064
120,10,64,1,0.3,False,False,3,64,relu,0.0,False,64,0.0001,0.0,1.0,adam,5,,,,,,35488
121,15,96,2,0.1,False,True,1,256,gelu,0.2,False,64,0.002,0.001,1.0,adam,5,,,,,,96416
122,50,32,1,0.3,False,False,1,256,relu,0.0,True,32,0.0001,0.0,0.5,adam,3,,,,,,9504
123,10,96,3,0.3,True,True,3,64,gelu,0.2,False,64,0.002,0.01,0.5,adamw,10,,,,,,427552
124,5,256,2,0.3,False,False,1,128,tanh,0.4,True,64,0.001,0.001,0.5,adamw,3,,,,,,831520
125,5,128,1,0.2,True,True,3,256,tanh,0.4,True,256,0.0005,0.01,0.5,adamw,5,,,,,,265248
126,5,256,3,0.2,True,True,2,256,relu,0.2,False,64,0.002,0.0001,0.5,adam,10,,,,,,2950432
127,20,32,3,0.3,True,False,2,256,relu,0.4,True,32,0.0005,0.001,5.0,adamw,3,,,,,,92448
128,30,32,3,0.5,True,True,3,64,relu,0.2,False,128,0.005,0.0,,adamw,10,,,,,,60704
129,15,32,2,0.3,True,True,1,256,relu,0.3,False,256,0.0001,0.0001,0.5,adamw,5,,,,,,33568
130,30,64,2,0.2,True,False,3,64,tanh,0.3,True,64,0.005,0.0,0.5,adamw,3,,,,,,164256
131,10,64,3,0.1,False,False,3,128,gelu,0.2,True,256,0.002,0.001,5.0,adamw,3,,,,,,121120
132,15,256,4,0.2,False,True,1,128,tanh,0.2,False,32,0.002,0.001,5.0,adamw,10,,,,,,1415200
133,30,64,3,0.2,True,False,1,128,tanh,0.2,True,128,0.005,0.0,1.0,adam,5,,,,,,252960
134,30,256,2,0.4,False,True,2,128,relu,0.4,True,256,0.0005,0.01,0.5,adam,10,,,,,,654752
135,50,192,3,0.3,False,True,2,64,tanh,0.0,True,64,0.005,0.0,1.0,adam,5,,,,,,589408
136,5,192,1,0.2,False,False,3,64,tanh,0.0,False,32,0.005,0.0,5.0,adamw,7,,,,,,192160
137,20,96,4,0.4,False,False,2,128,gelu,0.0,True,256,0.0001,0.001,1.0,adamw,10,,,,,,290208
138,5,192,3,0.4,True,True,2,64,relu,0.3,True,32,0.0001,0.01,5.0,adam,3,,,,,,1618912
139,20,192,4,0.5,True,False,3,128,tanh,0.3,False,128,0.005,0.01,0.5,adamw,10,,,,,,3080480
140,5,64,3,0.2,True,True,3,128,relu,0.3,False,64,0.005,0.001,5.0,adamw,7,,,,,,223776
141,20,128,3,0.3,False,False,2,128,relu,0.4,True,128,0.0001,0.01,1.0,adam,10,,,,,,368032
142,15,32,1,0.5,False,True,2,256,relu,0.3,False,128,0.005,0.01,1.0,adam,3,,,,,,23008
143,15,64,3,0.2,True,False,3,256,relu,0.3,False,32,0.005,0.001,0.5,adamw,3,,,,,,355872
144,5,32,2,0.3,True,True,1,128,gelu,0.3,True,128,0.005,0.01,5.0,adam,3,,,,,,33568
145,20,32,3,0.3,True,False,3,128,gelu,0.0,True,32,0.005,0.001,1.0,adam,3,,,,,,96544
146,30,96,4,0.3,True,True,3,64,relu,0.4,True,64,0.005,0.001,5.0,adam,7,,,,,,594848
147,10,64,4,0.1,False,False,1,256,relu,0.4,False,256,0.002,0.01,1.0,adam,3,,,,,,127008
