train_loss,val_loss,train_r2,val_r2,lr
0.5022432562039822,0.8447835604029317,0.31881231255829334,0.016533104702830315,0.001
0.47136334691728865,0.8192366246254214,0.36052145436406136,0.04150146804749966,0.001
0.4608139607979327,0.7818679148631711,0.3748552016913891,0.0821659117937088,0.001
0.4540689529204855,0.7582906830695367,0.38406430184841156,0.10732579976320267,0.001
0.4466913645973011,0.7591611507438845,0.3940095156431198,0.10817297920584679,0.001
0.4416544656364285,0.7532466082803665,0.4008226376026869,0.11054323799908161,0.001
0.4342922398022243,0.7660735256729587,0.41067560389637947,0.09656643122434616,0.001
0.4282685654503959,0.7392836679374019,0.4189118202775717,0.12716392613947392,0.001
0.42159541164125713,0.7366444893902347,0.4279017001390457,0.12921416014432907,0.001
0.4114675365540446,0.7175983791389773,0.4415450971573591,0.15031294338405132,0.001
